{
"站名":"久久热",
"主页url":"https://avhh.vip/99re/",
"直接播放":"1",
"分类":"国产自拍$kdw-guochanzipai#欧美$kdw-oumei#中文字幕$kdw-zhongwenzimu#李宗瑞全集$kdw-lizongruiquanji#日本无码$kdw-ribenwuma#加勒比$kdw-jialebi#日本有码$kdw-ribenyouma#一本道$kdw-yibendao#高清$kdw-gaoqing#潮吹$kdw-chaochui#会员认证作品$kdw-jiujiurehuiyuanrenzhengzuopin#制服丝袜$kdw-zhifusiwa#口爆颜射$kdw-koubaoyanshe#肛交$kdw-gangjiao#东京热$kdw-dongjingre#$小格式综合kdw-xiaogeshizonghe#女主播系列$kdw-hanguonvzhuboxilie#成人动漫$kdw-chengrendongman#SM性虐$kdw-SMxingnue#韩国综合$kdw-hanguozonghe",
"数组":"<div class=\"item\"&&</div>",
"图片":"data-original=\"&&\"",
"标题":"title=\"&&\"",
"链接":"href=\"/99re/d&&.html\"",
"链接前缀":"https://avhh.vip/99re/dplay",
"链接后缀": "-1-1.html",
"线路数组":"button-rounded&&/a>",
"线路标题":">&&<",
"搜索数组":"<div class=\"item\"&&</div>",
"搜索图片": "data-original=\"&&\"",
"搜索标题":"title=\"&&\"",
"搜索链接": "href=\"/99re/d&&.html\"",
"搜索模式": "1",
"搜索url":"https://avhh.vip/99re/vod/search/wd/{wd}.html",
"搜索链接前缀":"https://avhh.vip/99re/dplay",
"搜索链接后缀":"-1-1.html",
"简介":"<p>&&</p>",
"分类url":"https://avhh.vip/99re/{cateId}-{catePg}.html",
"免嗅":"0"
}