{
"站名":"AV解说",
"主页url":"https://avhh.vip/avjs/",
"直接播放":"1",
"分类":"水果πAV解说$sgp-AVJS",
"数组":"<div class=\"item\"&&</div>",
"图片":"data-original=\"&&\"",
"标题":"title=\"&&\"",
"链接":"href=\"/avjs/s&&.html\"",
"链接前缀":"https://avhh.vip/avjs/Splay",
"链接后缀": "-1-1.html",
"线路数组":"button-rounded&&/a>",
"线路标题":">&&<",
"搜索数组":"<div class=\"item\"&&</div>",
"搜索图片": "data-original=\"&&\"",
"搜索标题":"title=\"&&\"",
"搜索链接": "href=\"/avjs/s&&.html\"",
"搜索模式": "1",
"搜索url":"https://avhh.vip/avjs/vod/search/page/{catePg}/wd/{wd}.html",
"搜索链接前缀":"https://avhh.vip/avjs/Splay",
"搜索链接后缀":"-1-1.html",
"简介":"<p>&&</p>",
"分类url":"https://avhh.vip/avjs/{cateId}-{catePg}.html",
"免嗅":"0"
}